{"branches": 15.00748502994012, "coverage": 38.70722664559655}