{"branches": 16.11865618298785, "coverage": 39.77455716586151}