{"branches": 16.49555099247091, "coverage": 40.114330770747095}