{"branches": 21.885336273428887, "coverage": 53.321810977152005}