{"branches": 18.545751633986928, "coverage": 51.676058792772906}