{"branches": 21.59214830970556, "coverage": 52.856485163018455}