{"branches": 21.86123348017621, "coverage": 53.246315789473684}