{"branches": 21.734357848518112, "coverage": 53.016246169346374}