{"branches": 14.988644965934897, "coverage": 38.913722368501624}