{"branches": 17.196581196581196, "coverage": 41.1262559825352}