{"branches": 17.522966995576727, "coverage": 41.203923650895675}