{"branches": 16.473000683527, "coverage": 40.095478798090426}