{"branches": 16.49555099247091, "coverage": 40.127818913820775}