{"branches": 18.455284552845526, "coverage": 51.58615090181523}