{"branches": 16.484268125854992, "coverage": 40.125902818761766}