{"branches": 21.18758434547908, "coverage": 53.03798679552196}