{"branches": 18.515497553017944, "coverage": 51.64305620065025}