{"branches": 54.047619047619044, "coverage": 68.94085070379201}