{"branches": 16.274928774928775, "coverage": 39.872198879551824}