{"branches": 21.59214830970556, "coverage": 52.824587079238974}