{"branches": 15.126050420168067, "coverage": 39.12695480852112}