{"branches": 21.885336273428887, "coverage": 53.31787521079258}