{"branches": 21.42629735752945, "coverage": 43.36221837088388}