{"branches": 14.966241560390097, "coverage": 38.696921766638276}