{"branches": 18.174603174603174, "coverage": 50.60376932626115}