{"branches": 15.14919663351186, "coverage": 39.163123189745484}