{"branches": 18.606557377049178, "coverage": 51.69107391910739}