{"branches": 54.066985645933016, "coverage": 68.99738179578007}