{"branches": 18.515497553017944, "coverage": 51.63706025774991}