{"branches": 14.996232102486811, "coverage": 38.781484417881316}