{"branches": 18.485342019543975, "coverage": 51.628068953508624}