{"branches": 18.515497553017944, "coverage": 51.61908077994429}